Quote	Author	URL	Title
A bad memory for the school material might result from the conditioned depreciation of knowledge that cuts off the recall and/or consolidation signal	Piotr Wozniak	https://supermemo.guru/wiki/How_school_turns_off_memory	How school turns off memory
A fallacy is less harmful than a shortage of creative thought.	Piotr Wozniak	https://supermemo.guru/wiki/Ban_on_homeschooling	Ban on homeschooling
A free young mind will quickly get rid of asemantic knowledge via fast-track forgetting	Piotr Wozniak	https://supermemo.guru/wiki/Semantic_aspects_of_childhood_amnesia	Semantic aspects of childhood amnesia
A good hour of self-learning is worth more than 10 hours of boredom in an average classroom!	Piotr Wozniak	https://supermemo.guru/wiki/Sleep_and_learning	Sleep and learning
A single bias vector can turn rich knowledge of neuroscience into harm with far-reaching social consequences	Piotr Wozniak	https://supermemo.guru/wiki/The_morbid_myth_of_Digital_Dementia	The morbid myth of Digital Dementia
Abuse of variable reward can backfire	Piotr Wozniak	https://supermemo.guru/wiki/Reward_diversity_in_preventing_addictions	Reward diversity in preventing addictions
Adult ignorance of brain science explains why children fail to learn	Piotr Wozniak	https://supermemo.guru/wiki/Semantic_aspects_of_childhood_amnesia	Semantic aspects of childhood amnesia
All brainwork should be based on self-regulation and natural transitions to high creativity and/or rest. All forms of control will increase the fatigue and reduce the productivity	Piotr Wozniak	https://supermemo.guru/wiki/Optimizing_the_timing_of_brainwork	Optimizing the timing of brainwork
All forms of coercion in education should be eliminated	Piotr Wozniak	https://supermemo.guru/wiki/Abandon_early_math_instruction!	Abandon early math instruction!
All freedoms can be abused, which does not mean they should be taken away	Piotr Wozniak	https://supermemo.guru/wiki/Ban_on_homeschooling	Ban on homeschooling
All people with mood swings should consider learning as therapy.	Piotr Wozniak	https://supermemo.guru/index.php?title=Pleasure_of_learning&oldid=17070	Pleasure of learning
All the child needs for healthy development is access to rich environments and freedom to navigate those environments	Piotr Wozniak	https://supermemo.guru/wiki/Baby_management	Baby management
As a result of schooling, children rapidly lose their passion for learning, joy of exercise, and the zest for life in general	Piotr Wozniak	https://supermemo.guru/wiki/Destructive_impact_of_praise_in_learning	Destructive impact of praise in learning
As it is possible to condition a Pavlov's dog to fear the sound of a bell, it is possible to condition a human being to panic at the sight of a math formula	Piotr Wozniak	https://supermemo.guru/wiki/I_would_never_send_my_kids_to_school	I would never send my kids to school
As much as all electronic equipment provides conditions of good use, the brain manual calls for brain hygiene that includes smart learning and plenty of sleep	Piotr Wozniak	https://supermemo.guru/wiki/How_schools_can_contribute_to_Alzheimer%27s_disease	How schools can contribute to Alzheimer's disease
As the day goes on, our ability to recall facts from memory is getting worse and worse	Piotr Wozniak	https://supermemo.guru/wiki/Sleep_and_learning	Sleep and learning
At school, instead of learning, kids often learn to dislike learning	Piotr Wozniak	https://supermemo.guru/wiki/How_school_turns_off_memory	How school turns off memory
Bad employment of SuperMemo might suppress the learn drive!	Piotr Wozniak	https://supermemo.guru/wiki/Modern_schooling_is_like_Soviet_economy	Modern schooling is like Soviet economy
Before puberty, brain development is more about structural crystallization than about declarative learning. This is why play and exploration should receive priority over schooling	Piotr Wozniak	https://supermemo.guru/wiki/Childhood_amnesia	Childhood amnesia
Boundaries are more often used to keep kids limited rather than keeping them safe	Piotr Wozniak	https://supermemo.guru/wiki/Optimization_of_behavioral_spaces_in_development	Optimization of behavioral spaces in development
Brain connectivity is determined by functional demand	Piotr Wozniak	https://supermemo.guru/wiki/Concept_network	Concept network
By sketching the climbing pathways, we slow down or prevent the new generation from scaling new heights	Piotr Wozniak	https://supermemo.guru/wiki/I_would_never_send_my_kids_to_school	I would never send my kids to school
By taking away all youth for focused study, we destroy the creative potential in the young generation. It is time for all educators, teachers, and parents who did not get this message to wake up and understand that we need both: Focus and Creativity	Piotr Wozniak	https://supermemo.guru/wiki/Confusing_creativity_with_ADHD	Confusing creativity with ADHD
Childhood passions can germinate and branch out in many directions. All they need is a conducive exploratory environment. Passions feed on time, love, and access to knowledge. The latter is pretty easy in the era of the Internet	Piotr Wozniak	https://supermemo.guru/wiki/I_would_never_send_my_kids_to_school	I would never send my kids to school
Children are great generalizing machines, but they are equally great at forgetting	Piotr Wozniak	https://supermemo.guru/wiki/Mechanism_of_forgetting	Mechanism of forgetting
Children often hate school and they have well justified reasons	Piotr Wozniak	https://supermemo.guru/wiki/I_would_never_send_my_kids_to_school	I would never send my kids to school
Children should be able to dream and pursue na√Øve passions. Those are seeds of future great ideas	Piotr Wozniak	https://supermemo.guru/wiki/Resistance	Reactance
Children should be allowed to soak in knowledge at high speeds, instead of being tormented with a trickle of bits transmitted at slow rate in an inefficient code	Piotr Wozniak	https://supermemo.guru/wiki/Tunnel_vision_of_school_letteracy	Tunnel vision of school letteracy
Children struggle with formal schooling due to (1) volatile memory, (2) limited knowledge, and (3) poor metacognitive skills	Piotr Wozniak	https://supermemo.guru/wiki/Semantic_aspects_of_childhood_amnesia	Semantic aspects of childhood amnesia
Classrooms hurt discovery learning more than they hurt the cognitive response to direct instruction. The culprit is the classrooms, not the discovery	Piotr Wozniak	https://supermemo.guru/wiki/Direct_instruction_blocks_pathways_to_great_discoveries	Direct instruction blocks pathways to great discoveries
Coercion, by definition, violates the Fundamental law of learning	Piotr Wozniak	https://supermemo.guru/wiki/Can_coercion_cause_dyslexia%3F	Can coercion cause dyslexia?
Cognitive biases and ancient mythology make schools evolve towards their own demise	Piotr Wozniak	https://supermemo.guru/wiki/Asemantic_curriculum	Asemantic curriculum
Cognitive biases and bad design make school curriculum evolve towards increasing school hate	Piotr Wozniak	https://supermemo.guru/wiki/Asemantic_curriculum	Asemantic curriculum
Cognitive development counts more than academic achievement!	Piotr Wozniak	https://supermemo.guru/wiki/Daycare_infections	Daycare infections
Combating ADHD with medication may suppress the benefits that come with a creative mind	Piotr Wozniak	https://supermemo.guru/wiki/I_have_ADHD_and_I_love_it	I have ADHD and I love it
Compulsory schooling is a blatant violation of human rights	Piotr Wozniak	https://supermemo.guru/wiki/Compulsory_schooling_must_end	Compulsory schooling must end
Compulsory schooling is a violation of human rights	Piotr Wozniak	https://supermemo.guru/wiki/10_mortal_sins_of_schooling	10 mortal sins of schooling
Compulsory schooling triggers mechanisms that block exploratory learning that underlies efficient acquisition of knowledge and skills	Piotr Wozniak	https://supermemo.guru/wiki/Education_counteracts_evolution	Education counteracts evolution
Conceptual computation (reasoning) is a simple chain of connected concepts streaming through the mind	Piotr Wozniak	https://supermemo.guru/wiki/Conceptual_computation	Conceptual computation
Conceptual computation is a simple chain of connected concepts streaming through your mind. Even the most complex problems can be reduced to simple links between simple ideas	Piotr Wozniak	https://supermemo.guru/wiki/How_to_solve_any_problem%3F	How to solve any problem?
Creativity and attention stand in opposition. In the waking state, we gradually lose creative powers, but gain on the ability to focus	Piotr Wozniak	https://supermemo.guru/wiki/How_to_solve_any_problem%3F	How to solve any problem?
Curriculum is intended to serve as a guiding light, instead it usually becomes a tool of coercion and a cause of slow learning and stunted creativity	Piotr Wozniak	https://supermemo.guru/wiki/Curriculum	Curriculum
Denying freedom is unethical and dangerous. Deniers can be denied their freedoms too	Piotr Wozniak	https://supermemo.guru/wiki/Ban_on_homeschooling	Ban on homeschooling
Digital devices and Google are a blessing for education	Piotr Wozniak	https://supermemo.guru/wiki/The_morbid_myth_of_Digital_Dementia	The morbid myth of Digital Dementia
Digital media is the antabuse of multitasking. The pain of disruption makes the need for remedies obvious	Piotr Wozniak	https://supermemo.guru/wiki/The_morbid_myth_of_Digital_Dementia	The morbid myth of Digital Dementia
Disagreements in science are the engine of progress	Piotr Wozniak	https://supermemo.guru/wiki/School_curriculum_is_inherently_political	School curriculum is inherently political
Displeasure in learning carries a risk of developing toxic memories that may have a dramatic long-term impact on the Learn drive (i.e. interest in learning)	Piotr Wozniak	https://supermemo.guru/wiki/I_would_never_send_my_kids_to_school	I would never send my kids to school
Disrespect for the hygiene of learning can be detrimental for the brain	Piotr Wozniak	https://supermemo.guru/wiki/Bad_learning_contributes_to_Alzheimer%27s	Bad learning contributes to Alzheimer's
Diversity of reward is an important defense against the dangers of variable reward. Reward diversity is preventive in depression	Piotr Wozniak	https://supermemo.guru/wiki/Reward_diversity_in_preventing_addictions	Reward diversity in preventing addictions
Do not invest in schooling in the industrialized world. This brings miniscule returns on investment. Invest in bringing the web to all kids in all corners of the world. This will change this planet!	Piotr Wozniak	https://supermemo.guru/wiki/Bill_Gates_is_wrong_about_education	Bill Gates is wrong about education
Due to an exponential increase in the awareness of the bad effects of schooling, reforms in the direction of free learning are inevitable, and not far away	Piotr Wozniak	https://supermemo.guru/wiki/School	School
Due to its negative impact on the learn drive, passive schooling suppresses long-term learning, creativity and intelligence	Piotr Wozniak	https://supermemo.guru/wiki/Passive_schooling	Passive schooling
During a waking day, we progressively move from high alertness to high sleepiness along a homeostatic curve	Piotr Wozniak	https://supermemo.guru/wiki/Homeostatic	Homeostatic sleep propensity
Early academic instruction is harmful. It undermines child's intelligence by interfering with the conceptualization process of the growing brain	Piotr Wozniak	https://supermemo.guru/wiki/Conceptualization_theory_of_childhood_amnesia	Conceptualization theory of childhood amnesia
Early academic instruction without the consent of the child is inhumane and a violation of a child's rights	Piotr Wozniak	https://supermemo.guru/wiki/I_would_never_send_my_kids_to_school	I would never send my kids to school
Early education must be child-led education at the risk of inflicting harm on young brains!	Piotr Wozniak	https://supermemo.guru/wiki/SuperMemo_does_not_work_for_kids	SuperMemo does not work for kids
Early instruction may provide a semblance of learning, while affecting passions, preferences, and brain potential for decades	Piotr Wozniak	https://supermemo.guru/wiki/Semantic_aspects_of_childhood_amnesia	Semantic aspects of childhood amnesia
Ebbinghaus methodology in investigating memory may provide a false impression that human memory is wildly more volatile than it actually is	Piotr Wozniak	https://supermemo.guru/wiki/Error_of_Ebbinghaus_forgetting_curve	Error of Ebbinghaus forgetting curve
Education is based on wrong principles and a wrong design (Piotr Wozniak, 2017)	Piotr Wozniak	https://supermemo.guru/index.php?title=Problem_of_Schooling&oldid=18929	Problem of Schooling
Education is based on wrong principles and a wrong design.	Piotr Wozniak	https://supermemo.guru/index.php?title=Problem_of_Schooling&oldid=18929	Problem of Schooling
Educational systems are optimized without employing the neural networks that power the learn drive. Education is optimized without employing the best natural optimization tool in existence. As a result, school systems drift in dangerous directions that affect millions of kids around the world. The negative outcomes will last for generations!	Piotr Wozniak	https://supermemo.guru/wiki/Education_Reform	Education Reform
Effective learning methods expose the abysmal inefficiency of schooling! SuperMemo produced in a month as much as schools have produced in 13 years	Piotr Wozniak	https://supermemo.guru/wiki/13_years_of_school_in_a_month	13 years of school in a month
Efficient learning is based on exploration. While exploring the labyrinth of life, we look for jigsaw pieces of information that match the puzzle of knowledge. As we keep exploring, we build the jigsaw puzzle. This way a rat may explore an island as depicted here	Piotr Wozniak	https://supermemo.guru/wiki/I_would_never_send_my_kids_to_school	I would never send my kids to school
Efficient learning is based on exploration. While exploring the labyrinth of life, we look for jigsaw pieces of information that match the puzzle of knowledge. As we keep exploring, we build the jigsaw puzzle.	Piotr Wozniak	https://supermemo.guru/wiki/Education_counteracts_evolution	Education counteracts evolution
Employ incremental writing to organize mental computation and extend it beyond the limits of human memory. Incremental writing helps you creatively elaborate on your ideas and keep track of all your thoughts	Piotr Wozniak	https://supermemo.guru/wiki/How_to_solve_any_problem%3F	How to solve any problem?
Endless fake rewards and micro-penalties may turn off knowledge valuations and undermine long-term learning at school	Piotr Wozniak	https://supermemo.guru/index.php?title=Pleasure_of_learning&oldid=17070	Pleasure of learning
Even the most complex problems can be reduced to simple links between simple ideas	Piotr Wozniak	https://supermemo.guru/wiki/Conceptual_computation	Conceptual computation
Even though naps provide an excellent compensation for lost sleep in the night, they cannot provide a full functional replacement. To achieve your maximum cognitive capacity, you need to run your night sleep uninterrupted until completion!	Piotr Wozniak	https://supermemo.guru/wiki/Power_nap	Power nap
Evening routine should be all about protecting sleep, however, it can also be used for some slow untiring focused work, and passive learning	Piotr Wozniak	https://supermemo.guru/wiki/How_to_solve_any_problem%3F	How to solve any problem?
Evolution of knowledge is convergent onto an ever improving approximation of reality. Accelerated dissemination of information, accelerates the convergence of knowledge	Piotr Wozniak	https://supermemo.guru/wiki/On_freedom_of_education_and_freedom_of_information	On freedom of education and freedom of information
Evolving diversity of knowledge in society is essential for survival	Piotr Wozniak	https://supermemo.guru/wiki/School_curriculum_is_inherently_political	School curriculum is inherently political
Fake rewards lead to fake learning. Fake lives make unhappy societies	Piotr Wozniak	https://supermemo.guru/wiki/Destructive_impact_of_praise_in_learning	Destructive impact of praise in learning
Fidgeting plays an important neurophysiological role and should not be suppressed	Piotr Wozniak	https://supermemo.guru/wiki/Fidgeting_is_good	Fidgeting is good
First waking moments can be used to capture the remnants of nighttime knowledge processing. Many best ideas seem to come out directly from dreams	Piotr Wozniak	https://supermemo.guru/wiki/How_to_solve_any_problem%3F	How to solve any problem?
Focus on short-term outcomes in schooling results in pressures extending well beyond the optimum push zone	Piotr Wozniak	https://supermemo.guru/wiki/I_would_never_send_my_kids_to_school	I would never send my kids to school
For a slow reader, the first step to faster reading is more reading!	Piotr Wozniak	https://supermemo.guru/wiki/How_can_I_read_faster%3F	How can I read faster?
For a typical school kid, learn drive is supplanted with teaching-and-homework, creativity is largely absent, and sleep is injured	Piotr Wozniak	https://supermemo.guru/wiki/I_would_never_send_my_kids_to_school	I would never send my kids to school
For human mind, the learn drive is the source of inexhaustible reward	Piotr Wozniak	https://supermemo.guru/wiki/Modern_education_is_a_threat_to_the_survival_of_mankind	Modern education is a threat to the survival of mankind
For kids who go to school sleepy, the whole idea of school is harmful. They would do better unschooled	Piotr Wozniak	https://supermemo.guru/wiki/Schools_violate_the_Genius_Checklist	Schools violate the Genius Checklist
For the same kid, a minor change in the label may result in a major change in outcomes	Piotr Wozniak	https://supermemo.guru/wiki/IQ_is_a_dismal_measure_of_intelligence	IQ is a dismal measure of intelligence
Forgetting is an essential ingredient of an intelligent brain	Piotr Wozniak	https://supermemo.guru/wiki/Mechanism_of_forgetting	Mechanism of forgetting
Forgetting is exponential due to the random nature of memory interference	Piotr Wozniak	https://supermemo.guru/wiki/Forgetting_curve	Forgetting curve
Forgetting primarily affects memories that are inconsistent or irrelevant	Piotr Wozniak	https://supermemo.guru/wiki/Mechanism_of_forgetting	Mechanism of forgetting
Free choice in tools of learning and in access to knowledge are a basic child's right	Piotr Wozniak	https://supermemo.guru/wiki/The_morbid_myth_of_Digital_Dementia	The morbid myth of Digital Dementia
Free learning based on the learn drive needs no optimization and no verification. It is a self-regulating entity	Piotr Wozniak	https://supermemo.guru/wiki/PISA_fuels_the_education_arms_race	PISA fuels the education arms race
Free learning is a positive force that brings forth learning, knowledge, happy lives, and happy society	Piotr Wozniak	https://supermemo.guru/wiki/Free_learning	Free learning
Free learning is the best prevention of creative injury at school	Piotr Wozniak	https://supermemo.guru/wiki/Creativity	Creativity
Free learning is the best remedy for false beliefs. Best learning is learning that is rich, wide, free, and lifelong	Piotr Wozniak	https://supermemo.guru/wiki/Myths_are_easy_to_swallow_and_hard_to_kill	Myths are easy to swallow and hard to kill
Free running sleep synchronized with the daylight cycle is the healthiest form of sleep and will result in highest productivity	Piotr Wozniak	https://supermemo.guru/wiki/Best_time_for_napping	Best time for napping
Free sleep is a basic child's right	Piotr Wozniak	https://supermemo.guru/wiki/Sleep_deprivation_amplifies_the_harm_of_schooling	Sleep deprivation amplifies the harm of schooling
Freedom is central to education as it underlies the Fundamental law of learning.	Piotr Wozniak	https://supermemo.guru/wiki/Introduce_Mandatory_Adult_Education!	Introduce Mandatory Adult Education!
Freedom of learning is the key to developing high skills in knowledge acquisition and creative problem solving.	Piotr Wozniak	https://supermemo.guru/wiki/I_would_never_send_my_kids_to_school	I would never send my kids to school
From decade to decade we crank up the pressure of schooling. We push kids harder and harder to achieve more and more. In the process, schools are highly efficient killers of childhood passions and the learn drive. This is highly detrimental to further progress of mankind	Piotr Wozniak	https://supermemo.guru/wiki/I_would_never_send_my_kids_to_school	I would never send my kids to school
Fundamentalists thrive in conditions of repression, and fade in conditions of freedom	Piotr Wozniak	https://supermemo.guru/wiki/Ban_on_homeschooling	Ban on homeschooling
Gamification would turn SuperMemo into a school: fake rewards for fake learning	Piotr Wozniak	https://supermemo.guru/wiki/Reward_diversity_in_preventing_addictions	Reward diversity in preventing addictions
Gaping holes in understanding of the world may distort a child's valuation of knowledge. An attempt to override exorbitant valuations will meet with proportional resistance that may lead to a prompt loss of adult authority	Piotr Wozniak	https://supermemo.guru/wiki/Resistance	Reactance
Good brain comes with a warranty of good knowledge!	Piotr Wozniak	https://supermemo.guru/wiki/Schools_violate_the_Genius_Checklist	Schools violate the Genius Checklist
Good learning is inherently pleasurable, and without pleasure there is no good learning.	Piotr Wozniak	https://supermemo.guru/index.php?title=Pleasure_of_learning&oldid=17070	Pleasure of learning
Governments waste billions to achieve what comes naturally, and destroy passion for what might be achieved later	Piotr Wozniak	https://supermemo.guru/wiki/School_dropouts	School dropouts
Great achievement is less about brain power and more about giving the brain a chance	Piotr Wozniak	https://supermemo.guru/wiki/How_to_solve_any_problem%3F	How to solve any problem?
Great brains change the world, and great brains need no benchmark	Piotr Wozniak	https://supermemo.guru/wiki/PISA_fuels_the_education_arms_race	PISA fuels the education arms race
Hard data is useful, but lack thereof does not render a good mind impotent	Piotr Wozniak	https://supermemo.guru/wiki/Can_coercion_cause_dyslexia%3F	Can coercion cause dyslexia?
Healthy brain and stress resilience live in a positive feedback loop: one facilitates the other	Piotr Wozniak	https://supermemo.guru/wiki/Using_stress_valves_to_prevent_chronic_stress	Using stress valves to prevent chronic stress
Heterogeneity of knowledge is the best safety valve protecting mankind in the long run	Piotr Wozniak	https://supermemo.guru/wiki/Ban_on_homeschooling	Ban on homeschooling
High creativity is based on an easy and unexpected activation of concept maps in mental computation	Piotr Wozniak	https://supermemo.guru/wiki/How_to_solve_any_problem%3F	How to solve any problem?
Highly creative people switch between extro- and intro- modes on demand	Piotr Wozniak	https://supermemo.guru/wiki/Are_extroverts_more_creative%3F	Are extroverts more creative?
Hippocampal lesions provide a very strong clue to the idea that the conversion of short-term to long-term memories is computational, and not just molecular/synaptic in nature. It also hints that the nature and the layout of memories will differ upon the conversion	Piotr Wozniak	https://supermemo.guru/wiki/Neural_optimization_in_sleep	Neural optimization in sleep
Human brain works like a perfect inventing machine. It gathers information, converts it into coherent knowledge, creatively expands knowledge (both in waking and in sleep), and comes up with solutions to problems, action trajectories, and more.	Piotr Wozniak	https://supermemo.guru/wiki/I_would_never_send_my_kids_to_school	I would never send my kids to school
If daycare shifts the burden of disease to earlier ages, it contributes to worse long-term cognitive outcomes.	Piotr Wozniak	https://supermemo.guru/wiki/Daycare_infections	Daycare infections
If deprivation leads to handicaps, deprivation of digital media will handicap a start to adult life in the digital world	Piotr Wozniak	https://supermemo.guru/wiki/The_morbid_myth_of_Digital_Dementia	The morbid myth of Digital Dementia
If knowledge is like a jigsaw puzzle, child's brain will reject new pieces that do not fit the puzzle.	Piotr Wozniak	https://supermemo.guru/wiki/SuperMemo_does_not_work_for_kids	SuperMemo does not work for kids
If learning is not pleasurable, it is guaranteed to be suboptimum. If learning is made pleasurable with extrinsic reward (e.g. grades), it is also likely to be suboptimum	Piotr Wozniak	https://supermemo.guru/wiki/Passive_schooling	Passive schooling
If life is a rich jungle, school is a human-made farmyard. Farm animals don't survive well in the wild.	Piotr Wozniak	https://supermemo.guru/wiki/Optimal_socialization	Optimal socialization
If spaced repetition needed two decades to explode, incremental reading may need three. This means that by 2030, all smart people will use a form of incremental reading	Piotr Wozniak	https://supermemo.guru/wiki/Why_is_incremental_reading_not_popular%3F	Why is incremental reading not popular?
If we free the kids, the innovation will happen! Formal instruction steals their youth and passions	Piotr Wozniak	https://supermemo.guru/wiki/PISA_fuels_the_education_arms_race	PISA fuels the education arms race
If you follow these rules religiously, you will be amazed by how much progress you can make in a decade	Piotr Wozniak	https://supermemo.guru/wiki/Genius_checklist	Genius checklist
If you get stuck while solving a problem, your first disruptive step is disruptive learning	Piotr Wozniak	https://supermemo.guru/wiki/How_to_solve_any_problem%3F	How to solve any problem?
In a free running condition, where both sleep and learning are taken ad libitum, good learning days are followed by less sleep due to the fact that they correlate with minimum sleep debt.	Piotr Wozniak	https://supermemo.guru/wiki/Sleep_and_learning	Sleep and learning
In a healthy lifestyle, there is only one truly effective way to combat mental fatigue: sleep!!!	Piotr Wozniak	https://supermemo.guru/wiki/How_to_solve_any_problem%3F	How to solve any problem?
In creative mode, random search of the concept network seeks concept associations that may reveal a solution to a problem	Piotr Wozniak	https://supermemo.guru/wiki/Creativity	Creativity
In educational goal setting, schools create a fake problem and then take credit for solving it	Piotr Wozniak	https://supermemo.guru/wiki/Exponential_acceleration_in_free_learning	Exponential acceleration in free learning
In healthy individuals, free learning provides an instant remedy for disruptive creativity	Piotr Wozniak	https://supermemo.guru/wiki/Creativity	Creativity
In learning, intervals should be as long as it is necessary for a selected small proportion of knowledge to be forgotten. This proportion, called the forgetting index, can vary from 3% (for slower and meticulous learning) to 20% (for faster learning characterized by lower retention of knowledge)	Piotr Wozniak	https://supermemo.guru/wiki/General_principles_of_spaced_repetition	General principles of spaced repetition
In modern education, the concept of a teacher will become obsolete	Piotr Wozniak	https://supermemo.guru/wiki/Do_we_need_teachers%3F	Do we need teachers?
In reading, the optimum inflow of knowledge is largely independent of reading skills. This is why the speed of reading matters only for slow readers	Piotr Wozniak	https://supermemo.guru/wiki/How_can_I_read_faster%3F	How can I read faster?
In sleep deprivation, learning can undo prior learning via magnified interference	Piotr Wozniak	https://supermemo.guru/wiki/Sleep_deprivation_amplifies_the_harm_of_schooling	Sleep deprivation amplifies the harm of schooling
In the conveyor belt of mass education, most of students get the short end of the stick	Piotr Wozniak	https://supermemo.guru/wiki/I_would_never_send_my_kids_to_school	I would never send my kids to school
Incessant conditioning that involves asemantic learning is one of main reasons why schooling undermines human intelligence	Piotr Wozniak	https://supermemo.guru/wiki/Semantic_learning	Semantic learning
Incremental learning is the most powerful activator of the learn drive	Piotr Wozniak	https://supermemo.guru/wiki/I_would_never_send_my_kids_to_school	I would never send my kids to school
Incremental learning supports learn drive, dream drive, spontaneous creativity, and self-directed expansion of knowledge.	Piotr Wozniak	https://supermemo.guru/wiki/I_would_never_send_my_kids_to_school	I would never send my kids to school
Incremental reading gives you knowlede for life	Piotr Wozniak	https://supermemo.guru/wiki/How_can_I_read_faster%3F	How can I read faster?
Incremental reading is the best known way to practically augment human intelligence	Piotr Wozniak	https://supermemo.guru/wiki/Mountain_climb_metaphor_of_schooling	Mountain climb metaphor of schooling
Instead of employing stoicism, proper circadian timing makes it possible to channel the energy of acute stress into a resolution	Piotr Wozniak	https://supermemo.guru/wiki/Using_stress_valves_to_prevent_chronic_stress	Using stress valves to prevent chronic stress
Instilling passion in kids is a noble exercise. However, compulsory education carries inherent flaws that overwhelmingly work against that effort. Explaining the importance of knowledge is vital but it generally does not work. Even the best teachers keep failing.	Piotr Wozniak	https://supermemo.guru/wiki/Learning_history:_school_vs._self-directed_learning	Learning history: school vs. self-directed learning
Intelligence is an important concept, and should best be measured by what an intellect can accomplish in a lifetime	Piotr Wozniak	https://supermemo.guru/wiki/IQ_is_a_dismal_measure_of_intelligence	IQ is a dismal measure of intelligence
Internet makes us smarter!	Piotr Wozniak	https://supermemo.guru/wiki/Proof:_Internet_makes_us_smarter	Proof: Internet makes us smarter
It is better to miss a class or two than to go to school sleepy!!!	Piotr Wozniak	https://supermemo.guru/wiki/Sleep_and_learning	Sleep and learning
It is possible to avoid infections for decades in otherwise vulnerable individuals	Piotr Wozniak	https://supermemo.guru/wiki/Formula_for_common_cold_prevention	Formula for common cold prevention
It is possible to enslave people incrementally and meet no opposition	Piotr Wozniak	https://supermemo.guru/wiki/Modern_schooling_is_like_Soviet_economy	Modern schooling is like Soviet economy
Kids are not fantastic learners, their amazing learning outcomes stem from freedom	Piotr Wozniak	https://supermemo.guru/wiki/Exponential_acceleration_in_free_learning	Exponential acceleration in free learning
Kim and Education systems will fail in their quest for perfection. The problem is that most people think that Kim is bad, and school is good	Piotr Wozniak	https://supermemo.guru/wiki/Utopian_visions:_Education_via-a-vis_North_Korea	Utopian visions: Education via-a-vis North Korea
Laziness of teens and adults is comparable. The only disadvantage of the teen years is lesser knowledge and lesser maturity. Those factors affects teen valuations of knowledge, and options in life. Those valuations will evolve slowly, and adult impatience usually backfires. Free learning maximizes the speed of maturation	Piotr Wozniak	https://supermemo.guru/wiki/Myth:_students_are_lazy	Myth: Students are naturally lazy and do not like to learn
Learned helplessness is the mechanism by which students gain classroom focus at the cost of creativity. In the process, they gradually lose their learn drive.	Piotr Wozniak	https://supermemo.guru/wiki/I_would_never_send_my_kids_to_school	I would never send my kids to school
Learning in the condition of sleep deprivation today, may contribute to Alzheimer's disease decades later	Piotr Wozniak	https://supermemo.guru/wiki/Sleep_deprivation_amplifies_the_harm_of_schooling	Sleep deprivation amplifies the harm of schooling
Learning must be fun or it won't work	Piotr Wozniak	https://supermemo.guru/wiki/Hating_SuperMemo	Hating SuperMemo
Learntropy is the attractiveness of any educative signal as determined by the learn drive system.	Piotr Wozniak	https://supermemo.guru/index.php?title=Pleasure_of_learning&oldid=17070	Pleasure of learning
Local optimization and the wisdom of the crowds can be employed to transition towards a perfect model of education.	Piotr Wozniak	https://supermemo.guru/wiki/Education_Reform	Education Reform
Long-term semantic learning is possible in the period of childhood amnesia	Piotr Wozniak	https://supermemo.guru/wiki/Semantic_aspects_of_childhood_amnesia	Semantic aspects of childhood amnesia
Love of learning can be suppressed quite effectively, and then it can also be restored and revived	Piotr Wozniak	https://supermemo.guru/wiki/I_would_never_send_my_kids_to_school	I would never send my kids to school
Major portion of your time spent on problem solving should be spent in protected mental computation mode where all distractions should be considered mental pests	Piotr Wozniak	https://supermemo.guru/wiki/How_to_solve_any_problem%3F	How to solve any problem?
Mandatory education is harmful, for kids and adults alike. It violates the Fundamental law of learning. Coercive education is a hallmark of illiberal democracy	Piotr Wozniak	https://supermemo.guru/wiki/Introduce_Mandatory_Adult_Education!	Introduce Mandatory Adult Education!
Many of my references disagree with my point of view, which I explain in the accompanying commentary	Piotr Wozniak	https://supermemo.guru/wiki/References	References
Mass production of great teachers is as hard as mass production of genius.	Piotr Wozniak	https://supermemo.guru/wiki/Bill_Gates_is_wrong_about_education	Bill Gates is wrong about education
Mass-production of graduates requires discipline. Discipline destroys the pleasure of learning. Enforcing discipline converts good intentions of a teacher into a torment of school for children	Piotr Wozniak	https://supermemo.guru/wiki/Prussian_discipline_inevitably_destroys_education	Prussian discipline inevitably destroys education
Memories of low stability and complex memories show a more pronounced spacing effect	Piotr Wozniak	https://supermemo.guru/wiki/Spacing_effect	Spacing effect
Memorization is easy. The hard part is to retain knowledge for years.	Piotr Wozniak	https://supermemo.guru/wiki/Learning_history:_school_vs._self-directed_learning	Learning history: school vs. self-directed learning
Minor changes in lifestyle can result in major changes in brain health outcomes	Piotr Wozniak	https://supermemo.guru/wiki/Using_stress_valves_to_prevent_chronic_stress	Using stress valves to prevent chronic stress
Minor changes in the context, may result in major differences in recall	Piotr Wozniak	https://supermemo.guru/wiki/How_school_turns_off_memory	How school turns off memory
Misemployment of the learn drive, the genius neural mechanisms developed in the course of evolution, is the key tragedy of modern mass education	Piotr Wozniak	https://supermemo.guru/wiki/Abandon_early_math_instruction!	Abandon early math instruction!
Modern classrooms are a breeding ground for the overdiagnosis of ADHD	Piotr Wozniak	https://supermemo.guru/wiki/ADHD	Confusing creativity with ADHD
Modern world introduces forces that confuse our rules of behavior. When it doubt, it is helpful to look at the forces of evolution, or at the life of hunter-gatherer tribes	Piotr Wozniak	https://supermemo.guru/wiki/Optimization_of_behavioral_spaces_in_development	Optimization of behavioral spaces in development
Morning routine protects the best 2-4 hours for creativity, and problem solving	Piotr Wozniak	https://supermemo.guru/wiki/How_to_solve_any_problem%3F	How to solve any problem?
Naps taken 7 hours from natural waking are best for the brain, health and productivity	Piotr Wozniak	https://supermemo.guru/wiki/Best_time_for_napping	Best time for napping
Nearly all adults take an adult-centric point of view and this might be one of the greatest dramas of modern education.	Piotr Wozniak	https://supermemo.guru/wiki/Bill_Gates_is_wrong_about_education	Bill Gates is wrong about education
New ideas may enhance structural stability. Review may enhance molecular stability	Piotr Wozniak	https://supermemo.guru/wiki/Two-component_model_of_memory_stability	Two-component model of memory stability
Night time sleep deficit requires extra napping time in 3:1 ratio. For each hour of lost night sleep, extra 20 minutes of napping is needed	Piotr Wozniak	https://supermemo.guru/wiki/Power_nap	Power nap
No pleasure, no learning! Your suffering is a waste of time, a waste of health, and a waste of human global resources!	Piotr Wozniak	https://supermemo.guru/wiki/Pleasure_of_learning	Pleasure of learning
One memorable event may count for more than dozens of repetitions for school	Piotr Wozniak	https://supermemo.guru/wiki/How_school_turns_off_memory	How school turns off memory
One of the greatest dangers of teaching is the illusion in which positive short-term effects obscure negative long-term outcomes	Piotr Wozniak	https://supermemo.guru/wiki/I_would_never_send_my_kids_to_school	I would never send my kids to school
One of the greatest sins of schooling is that it destroys passions by undermining the learn drive	Piotr Wozniak	https://supermemo.guru/wiki/I_would_never_send_my_kids_to_school	I would never send my kids to school
Only natural learning reliant on the learn drive makes it possible to form a coherent mnemonic representations that last for life	Piotr Wozniak	https://supermemo.guru/wiki/I_would_never_send_my_kids_to_school	I would never send my kids to school
PISA tests are a great research tool. They should not be an optimization tool	Piotr Wozniak	https://supermemo.guru/wiki/PISA_fuels_the_education_arms_race	PISA fuels the education arms race
Parents who attempt to control the education of their children risk exposing them to severe maladaptation with serious implications for the mental health of the entire generation	Piotr Wozniak	https://supermemo.guru/wiki/Tunnel_vision_of_school_letteracy	Tunnel vision of school letteracy
Passive pre-programmed learning at school suppresses the learn drive.	Piotr Wozniak	https://supermemo.guru/wiki/I_would_never_send_my_kids_to_school	I would never send my kids to school
Pleasurable learning can be buried in displeasure caused by stress, bad people, bad schools, bad textbooks, and more.	Piotr Wozniak	https://supermemo.guru/wiki/I_would_never_send_my_kids_to_school	I would never send my kids to school
Praise may be most harmful when it sweetens inefficient learning	Piotr Wozniak	https://supermemo.guru/wiki/Destructive_impact_of_praise_in_learning	Destructive impact of praise in learning
Providing children with answers to their own questions can also be suppressive for the learn drive. In contrast, leaving questions unanswered may propel the young brain into rewarding explorations that will feed further progress.	Piotr Wozniak	https://supermemo.guru/wiki/I_would_never_send_my_kids_to_school	I would never send my kids to school
Pushing the brain to its limits does not benefit the evolution of the brain. It may exert an evolutionary pressure opposite to the one intended	Piotr Wozniak	https://supermemo.guru/wiki/I_would_never_send_my_kids_to_school	I would never send my kids to school
Quality learning will not cause memory overload because it produces compact representations. However, bad learning in stressful conditions might go against the mental hygiene and indeed be harmful	Piotr Wozniak	https://supermemo.guru/wiki/Bad_learning_contributes_to_Alzheimer%27s	Bad learning contributes to Alzheimer's
Rapid growth of the brain in early development involves neurogenesis and other processes that interfere with survival of early memories.	Piotr Wozniak	https://supermemo.guru/wiki/Childhood_amnesia	Childhood amnesia
Reliance on speed, and the failure to account for the brain's cognitive state, disqualify IQ tests as a reliable measure of intelligence	Piotr Wozniak	https://supermemo.guru/wiki/IQ_is_a_dismal_measure_of_intelligence	IQ is a dismal measure of intelligence
Respect for the natural creativity cycle makes it easy to reproduce high learning and high creativity on a daily basis.	Piotr Wozniak	https://supermemo.guru/wiki/I_would_never_send_my_kids_to_school	I would never send my kids to school
Restricted freedom suppresses reactance, and leads to learned helplessness	Piotr Wozniak	https://supermemo.guru/wiki/Resistance	Reactance
School system plays God and determines who is good and who is bad. Goodness is not a matter of quality, but a matter of compliance	Piotr Wozniak	https://supermemo.guru/wiki/School_dropouts	School dropouts
Schooling defers the need for independent and creative thinking till adulthood	Piotr Wozniak	https://supermemo.guru/wiki/I_would_never_send_my_kids_to_school	I would never send my kids to school
Schooling destroys new knowledge via interference. More speed and volume translate to less learning	Piotr Wozniak	https://supermemo.guru/wiki/On_the_superiority_of_a_rat_over_a_schooled_human	On the superiority of a rat over a schooled human
Schools are destroyers of creative brainwork!	Piotr Wozniak	https://supermemo.guru/wiki/ADHD	Confusing creativity with ADHD
Schools are inefficient because of the excessive speed of learning, arbitrary choice of knowledge, stress, poor sleep, and loss of love of learning	Piotr Wozniak	https://supermemo.guru/wiki/On_the_superiority_of_a_rat_over_a_schooled_human	On the superiority of a rat over a schooled human
Schools could improve dramatically if they just slowed down to match human cognitive capacity!	Piotr Wozniak	https://supermemo.guru/wiki/Schools_violate_the_Genius_Checklist	Schools violate the Genius Checklist
Schools diminish the generalization toolset. Instead, kids are often gifted with a rich set of toxic memories	Piotr Wozniak	https://supermemo.guru/wiki/Direct_instruction_blocks_pathways_to_great_discoveries	Direct instruction blocks pathways to great discoveries
Schools do not contribute to human genius and creativity! All genius that comes out from school is the genius that came in too school in the first place	Piotr Wozniak	https://supermemo.guru/wiki/Schools_violate_the_Genius_Checklist	Schools violate the Genius Checklist
Schools fail because they disrespect and suppress basic learning, creativity, and problem solving mechanisms. For institutions responsible for fostering science, schools are egregiously ignorant of essential principles of how the brain works	Piotr Wozniak	https://supermemo.guru/wiki/I_would_never_send_my_kids_to_school	I would never send my kids to school
Self-directed free learning exhibits unmatched efficiency at younger ages. Intervention in that process is usually harmful	Piotr Wozniak	https://supermemo.guru/wiki/How_school_turns_off_memory	How school turns off memory
Self-directed learning is the future, and the myth of irrelevant convictions stands on the way to that future.	Piotr Wozniak	https://supermemo.guru/wiki/Crushing_student_convictions	Crushing student convictions
Semantic learning leads to memories that are likely to receive special protection that is of paramount importance in early learning	Piotr Wozniak	https://supermemo.guru/wiki/Semantic_aspects_of_childhood_amnesia	Semantic aspects of childhood amnesia
Sense of safety provides a strong barrier against harmful rewards	Piotr Wozniak	https://supermemo.guru/wiki/Destructive_impact_of_praise_in_learning	Destructive impact of praise in learning
Sensitivity to signals from the adult world increases a child's vulnerability to the harm of fake rewards	Piotr Wozniak	https://supermemo.guru/wiki/Destructive_impact_of_praise_in_learning	Destructive impact of praise in learning
Several stress valves help prevent converting acute stress into chronic stress. These are: acute quest for a solution, exercise, siesta,  productivity, and night sleep	Piotr Wozniak	https://supermemo.guru/wiki/Using_stress_valves_to_prevent_chronic_stress	Using stress valves to prevent chronic stress
Severe cases of stagnation in problem solving may require the last resort weapon: forgetting. Forgetting may level out old wrong solution ideas. It may also lead to renewed optimism	Piotr Wozniak	https://supermemo.guru/wiki/How_to_solve_any_problem%3F	How to solve any problem?
Similarly to proponents of schooling who see the brain as a hard disk to which we need to copy the curriculum, proponents of IQ see the brain as a microprocessor whose speed can be measured with a benchmark. Those mechanistic misinterpretations fail to notice that the brain is a concept network	Piotr Wozniak	https://supermemo.guru/wiki/IQ_is_a_dismal_measure_of_intelligence	IQ is a dismal measure of intelligence
Simple living reduces the onslaught of stress, and makes it easy to handle it with stress valves	Piotr Wozniak	https://supermemo.guru/wiki/Using_stress_valves_to_prevent_chronic_stress	Using stress valves to prevent chronic stress
Sleep deprivation speeds up the development of the hate of learning associated with schooling	Piotr Wozniak	https://supermemo.guru/wiki/Sleep_deprivation_amplifies_the_harm_of_schooling	Sleep deprivation amplifies the harm of schooling
Sleep is the peak achievement of neural computation. With good sleep, human brain is a highly efficient problem solving machine	Piotr Wozniak	https://supermemo.guru/wiki/Neural_optimization_in_sleep	Neural optimization in sleep
SleepChart can express homeostatic and circadian sleepiness with its charting tools! It shows the biphasic nature of human performance	Piotr Wozniak	https://supermemo.guru/wiki/Biphasic_life	Biphasic life
Sleepiness and the sense of boredom are fantastic weapons against brain mismanagement. If we eliminate these, we expose the brain to the damage of bad sleep and bad learning.	Piotr Wozniak	https://supermemo.guru/wiki/I_would_never_send_my_kids_to_school	I would never send my kids to school
Small investments in learning can produce dramatic changes to individual lives and to the entire planet!	Piotr Wozniak	https://supermemo.guru/index.php?title=Pleasure_of_learning&oldid=17070	Pleasure of learning
Solution: Free learning employs natural neural mechanisms to optimally dose new knowledge, in optimum brain states, to build optimal semantic net that makes further learning easy and pleasurable	Piotr Wozniak	https://supermemo.guru/wiki/Knowledge_crystallization	Knowledge crystallization
Spaced repetition software was born on Dec 13, 1987	Piotr Wozniak	https://supermemo.guru/wiki/SuperMemo_1.0_for_DOS	SuperMemo 1.0 for DOS (1987)
Spacing effect can be expressed precisely with the help of the stabilization curve, which defines the effect as Gain in memory stabilization formula over time. For details see: Stabilization curve	Piotr Wozniak	https://supermemo.guru/wiki/Spacing_effect	Spacing effect
Stable old knowledge and fresh new knowledge are both essential in effective problem solving. Both contribute to the learn drive, creativity, and a happy mindset	Piotr Wozniak	https://supermemo.guru/wiki/Knowledge_in_creative_problem_solving	Knowledge in creative problem solving
Starting the school from reading and counting is an artifact of adult-centric view of education	Piotr Wozniak	https://supermemo.guru/wiki/I_would_never_send_my_kids_to_school	I would never send my kids to school
Sticking with a 24-hours cycle has numerous advantages for DSPS sufferers. Life in harmony with the sun and nature might be the most enjoyable benefit	Piotr Wozniak	https://supermemo.guru/wiki/Curing_DSPS_and_insomnia	Curing DSPS and insomnia
Stress valves prevent chronic stress by building up connections that lead to a plausible resolution or to a re-interpretation of problems	Piotr Wozniak	https://supermemo.guru/wiki/Using_stress_valves_to_prevent_chronic_stress	Using stress valves to prevent chronic stress
Striving at early achievement may result in compromising intelligence	Piotr Wozniak	https://supermemo.guru/wiki/Precocity_paradox	Precocity paradox
Stubbornness is imprinted in human brain by design. It is an expression of neural efficiency. Not a flaw	Piotr Wozniak	https://supermemo.guru/wiki/Ban_on_homeschooling	Ban on homeschooling
Students of the world unite! You no longer need to suffer the pain of learning. If you suffer, you have your basic student right to protest. If you suffer, something is going wrong! You can stop learning! If anyone demands learning from you, and you do not enjoy it, you can strike back, and demand pleasurable learning.	Piotr Wozniak	https://supermemo.guru/wiki/Pleasure_of_learning	Pleasure of learning
Sturdy brain is the best insurance against senile dementia	Piotr Wozniak	https://supermemo.guru/wiki/How_schools_can_contribute_to_Alzheimer%27s_disease	How schools can contribute to Alzheimer's disease
SuperMemo with no new material is similar to boring classes at school. Both suppress the learn drive	Piotr Wozniak	https://supermemo.guru/wiki/I_would_never_send_my_kids_to_school	I would never send my kids to school
Teacher's most noble goal is to get all his students surpass his own knowledge and skills.	Piotr Wozniak	https://supermemo.guru/wiki/Ban_on_homeschooling	Ban on homeschooling
Teachers find original minds disruptive. Schools are NOT a fertile ground for spawning creative attitudes	Piotr Wozniak	https://supermemo.guru/wiki/Dangers_of_being_a_Straight_A_student	Dangers of being a Straight A student
Testing is one of the major contributors to the harm of schooling	Piotr Wozniak	https://supermemo.guru/wiki/Standardized_testing	Testing
The accuracy of the learn drive should give children priority in educational choices	Piotr Wozniak	https://supermemo.guru/wiki/The_morbid_myth_of_Digital_Dementia	The morbid myth of Digital Dementia
The act of deleting a SuperMemo collection after an exam is the evidence of awareness that knowledge is dispensable and is only needed to get good grades	Piotr Wozniak	https://supermemo.guru/wiki/How_schools_kill_SuperMemo_and_incremental_reading	How schools kill SuperMemo and incremental reading
The alarm clock is the prime killer of big ideas in the modern world!	Piotr Wozniak	https://supermemo.guru/wiki/Neural_optimization_in_sleep	Neural optimization in sleep
The best formula for efficient problem solving is to hook up creativity to the circadian cycle!	Piotr Wozniak	https://supermemo.guru/wiki/ADHD	Confusing creativity with ADHD
The best insurance policy for mankind is to free the young generation to explore the world in their own way	Piotr Wozniak	https://supermemo.guru/wiki/Modern_education_is_a_threat_to_the_survival_of_mankind	Modern education is a threat to the survival of mankind
The best solution to the mental health disorder epidemic is prevention, which requires a major change in which society functions	Piotr Wozniak	https://supermemo.guru/wiki/I_have_ADHD_and_I_love_it	I have ADHD and I love it
The best test for a well designed day is that all activities should be fun!	Piotr Wozniak	https://supermemo.guru/wiki/Optimizing_the_timing_of_brainwork	Optimizing the timing of brainwork
The best time to handle acute stress is the time before exercise, midday meal, and siesta	Piotr Wozniak	https://supermemo.guru/wiki/Using_stress_valves_to_prevent_chronic_stress	Using stress valves to prevent chronic stress
The brain that goes through years of schooling is poorly prepared for problem solving	Piotr Wozniak	https://supermemo.guru/wiki/Abandon_early_math_instruction!	Abandon early math instruction!
The creative power of incremental reading rests in part on the randomized interleaving of new knowledge with old knowledge	Piotr Wozniak	https://supermemo.guru/wiki/Knowledge_in_creative_problem_solving	Knowledge in creative problem solving
The difference between a forgotten memory and a toxic memory in SuperMemo is that the first thing you remember about a toxic question is that you do not remember the answer	Piotr Wozniak	https://supermemo.guru/wiki/I_would_never_send_my_kids_to_school	I would never send my kids to school
The education system design counters half a billion years of the evolution of the nervous system	Piotr Wozniak	https://supermemo.guru/wiki/Education_counteracts_evolution	Education counteracts evolution
The experience of democratic schools shows that we can help people learn without making them unhappy for life	Piotr Wozniak	https://supermemo.guru/wiki/How_school_can_ruin_a_life	How school can ruin a life
The faster the train, the lesser the chance to enjoy the landscape views. At some speed, beautiful rainforest and a post-industrial wasteland look all the same.	Piotr Wozniak	https://supermemo.guru/wiki/Futility_of_schooling	Futility of schooling
The focus on the IQ is a major distraction. We should focus on high achievement based on high intelligence	Piotr Wozniak	https://supermemo.guru/wiki/IQ_is_a_dismal_measure_of_intelligence	IQ is a dismal measure of intelligence
The formula for genius is parental love. Exposure to trauma and chronic stress are harmful to brain growth.	Piotr Wozniak	https://supermemo.guru/wiki/I_would_never_send_my_kids_to_school	I would never send my kids to school
The freedom to explore is the best accelerator of good learning	Piotr Wozniak	https://supermemo.guru/wiki/Learning_history:_school_vs._self-directed_learning	Learning history: school vs. self-directed learning
The ideal path towards developing healthy network valuations is a childhood sheltered from trauma and chronic stress, with no external stressors shaping emotional valuations, plenty of play, and free learning in large behavioral spaces	Piotr Wozniak	https://supermemo.guru/index.php?title=Pleasure_of_learning&oldid=17070	Pleasure of learning
The inability to empathize with a young brain is the main source of design errors in education systems	Piotr Wozniak	https://supermemo.guru/wiki/Semantic_aspects_of_childhood_amnesia	Semantic aspects of childhood amnesia
The learn drive is a natural instinct to acquire new knowledge. It is present in all healthy students. It is a good force that changes the world.	Piotr Wozniak	https://supermemo.guru/wiki/I_would_never_send_my_kids_to_school	I would never send my kids to school
The learn drive is a natural tendency of the brain to seek new information. The learn drive is generated by a guidance system hard-wired in the brain. This guidance system activates the reward centers upon detecting novel patterns in memory storage.	Piotr Wozniak	https://supermemo.guru/wiki/I_would_never_send_my_kids_to_school	I would never send my kids to school
The learn drive is powered by matching new knowledge to existing models	Piotr Wozniak	https://supermemo.guru/wiki/Crushing_student_convictions	Crushing student convictions
The learn drive reward comes from high-value knowledge ready for long-term storage.	Piotr Wozniak	https://supermemo.guru/index.php?title=Pleasure_of_learning&oldid=17070	Pleasure of learning
The learning difference between speech and reading is in the environment, not in the brain	Piotr Wozniak	https://supermemo.guru/wiki/Direct_instruction_blocks_pathways_to_great_discoveries	Direct instruction blocks pathways to great discoveries
The more massive the learning at school, the more we think we need teachers, and the less we see the problem of interference in asemantic learning	Piotr Wozniak	https://supermemo.guru/wiki/Do_we_need_teachers%3F	Do we need teachers?
The more we learn, the richer and more coherent the semantic network of knowledge, the less the need to resort to mnemonic techniques for knowledge of high applicability	Piotr Wozniak	https://supermemo.guru/wiki/Semantic_learning	Semantic learning
The more we school, the less we practice the art of parenting, and the more we needed teachers	Piotr Wozniak	https://supermemo.guru/wiki/Do_we_need_teachers%3F	Do we need teachers?
The myth of a perfect society (and perfect education) begins with the thought that if everyone did what I do, the life would be perfect	Piotr Wozniak	https://supermemo.guru/wiki/Utopian_visions:_Education_via-a-vis_North_Korea	Utopian visions: Education via-a-vis North Korea
The negative impact of variable reward can be minimized when there are rich sources of diverse rewards in life	Piotr Wozniak	https://supermemo.guru/wiki/Reward_diversity_in_preventing_addictions	Reward diversity in preventing addictions
The only difference between folk knowledge and academic knowledge is its complexity, applicability, and the semantic proximity to sensory origins	Piotr Wozniak	https://supermemo.guru/wiki/Direct_instruction_blocks_pathways_to_great_discoveries	Direct instruction blocks pathways to great discoveries
The only reliable detector of knowledge complementarity and coherence are the neural networks of the learn drive system. This is why knowledge cannot be prepackaged and imposed on students.	Piotr Wozniak	https://supermemo.guru/index.php?title=Pleasure_of_learning&oldid=17070	Pleasure of learning
The path to better education will be long and meandering. Our biggest enemy is the current system of education that imprints rich mythology in our minds.	Piotr Wozniak	https://supermemo.guru/wiki/Abandon_early_math_instruction!	Abandon early math instruction!
The path to the mountaintop cannot be predetermined by experts. Free learning provides freedom for an individual to find her own path	Piotr Wozniak	https://supermemo.guru/wiki/Mountain_climb_metaphor_of_schooling	Mountain climb metaphor of schooling
The pleasure of learning plays a role in recall even if it is not directly associated with the content of knowledge	Piotr Wozniak	https://supermemo.guru/wiki/How_school_turns_off_memory	How school turns off memory
The process of generalization is based on compiling facts, deriving concepts and rules, building higher-level models, and accumulating knowledge that is abstract/conceptual in nature. Abstract knowledge is knowledge of high abstractness that leads to high applicability that makes up the core of human intelligence	Piotr Wozniak	https://supermemo.guru/wiki/Abstract_knowledge	Abstract knowledge
The push should transfer a kid from one area of high learntropy to another area of high learntropy. It should not push the kid into unpleasant learning!	Piotr Wozniak	https://supermemo.guru/wiki/I_would_never_send_my_kids_to_school	I would never send my kids to school
The richer the pool of awards, the greater the risk of the hate of learning	Piotr Wozniak	https://supermemo.guru/wiki/Incoherence_penalty	Decoding failure penalty
The right to determine one's own education should be enshrined in constitutions around the world as the prime right of a child	Piotr Wozniak	https://supermemo.guru/wiki/Schools_must_reform_or_die	Schools must reform or die
The sad truth is that once committed to schooling, kids need to be lead on a leash. That is the price we pay for the invention of the Prussian education system	Piotr Wozniak	https://supermemo.guru/wiki/Abandon_early_math_instruction!	Abandon early math instruction!
The safest strategy for building up adaptive immunity is to tackle infections one at a time.	Piotr Wozniak	https://supermemo.guru/wiki/Daycare_infections	Daycare infections
The school system is an inherently unhappy structure. It has an uncanny ability to turn learning, one of the greatest joys of life, into a form of mental torture.	Piotr Wozniak	https://supermemo.guru/wiki/I_would_never_send_my_kids_to_school	I would never send my kids to school
The simplest remedy for learning difficulties in childhood is to rely on inborn knowledge acquisition mechanisms. Children learn best in play	Piotr Wozniak	https://supermemo.guru/wiki/Semantic_aspects_of_childhood_amnesia	Semantic aspects of childhood amnesia
The unceasing pressure of schooling may result in a constant need to increase pressure to achieve the same outcomes	Piotr Wozniak	https://supermemo.guru/wiki/I_would_never_send_my_kids_to_school	I would never send my kids to school
The vision of great education stays the same, its proponents keep dying, and the rat race for certificates continues	Piotr Wozniak	https://supermemo.guru/wiki/Asemantic_curriculum	Asemantic curriculum
The younger the brain, the greater the possible negative impact of chronic stress	Piotr Wozniak	https://supermemo.guru/wiki/I_would_never_send_my_kids_to_school	I would never send my kids to school
There are many rewards that draw children into gaming. The best lure away from the habit are competing rewards of a productive life	Piotr Wozniak	https://supermemo.guru/wiki/Reward_diversity_in_preventing_addictions	Reward diversity in preventing addictions
There are no lazy people! There are only people who hate what they are supposed to do.	Piotr Wozniak	https://supermemo.guru/wiki/How_to_solve_any_problem%3F	How to solve any problem?
Those who accelerate early may stagnate early	Piotr Wozniak	https://supermemo.guru/wiki/How_baby_brain_does_not_work	Precocity paradox: early instruction may hurt the long-term growth
Those who do not follow the natural creativity cycle are less likely to come up with big ideas and be efficient problem solvers	Piotr Wozniak	https://supermemo.guru/wiki/I_would_never_send_my_kids_to_school	I would never send my kids to school
To avoid game addictions, parents should provide unconditional love, freedom, and facilitate access to rich attractive alternatives	Piotr Wozniak	https://supermemo.guru/wiki/Videogames	Videogames
To live up to your intellectual and creative potential, you should respect and protect the natural creativity cycle.	Piotr Wozniak	https://supermemo.guru/wiki/I_would_never_send_my_kids_to_school	I would never send my kids to school
To maximize intelligence, we should focus on maximizing the acquisition of high-quality knowledge	Piotr Wozniak	https://supermemo.guru/wiki/Human_intelligence	Simple formula for high intelligence
Today I struggle to explain the harms of schooling. The kids of tomorrow will see it all as obvious. This will not be a result of the evolution of the brain. This will be the outcome of the evolution of human knowledge	Piotr Wozniak	https://supermemo.guru/wiki/Direct_instruction_blocks_pathways_to_great_discoveries	Direct instruction blocks pathways to great discoveries
Toxic memory is essential for understanding that early and accelerated education may be dangerous!	Piotr Wozniak	https://supermemo.guru/wiki/I_would_never_send_my_kids_to_school	I would never send my kids to school
True human intelligence is based on a vast reservoir of abstract knowledge applicable in problem solving	Piotr Wozniak	https://supermemo.guru/wiki/IQ_is_a_dismal_measure_of_intelligence	IQ is a dismal measure of intelligence
Twice a day, we peak in intellectual performance. We can improve our productivity by understanding the circadian cycle	Piotr Wozniak	https://supermemo.guru/wiki/Optimizing_the_timing_of_brainwork	Optimizing the timing of brainwork
Unconditional love is one of the best remedies against variability that leads to addictions	Piotr Wozniak	https://supermemo.guru/wiki/Reward_diversity_in_preventing_addictions	Reward diversity in preventing addictions
Understanding childhood amnesia is essential for protecting kids from the harm of early acceleration programs	Piotr Wozniak	https://supermemo.guru/wiki/Childhood_amnesia	Childhood amnesia
Understanding the learn drive and the mechanism by which it supposedly declines over time is essential for optimizing education	Piotr Wozniak	https://supermemo.guru/wiki/I_would_never_send_my_kids_to_school	I would never send my kids to school
Untainted sense of freedom is more important than the avoidance of addictive agents	Piotr Wozniak	https://supermemo.guru/wiki/Reward_diversity_in_preventing_addictions	Reward diversity in preventing addictions
Variable reward in game addiction is often generated by a parent, not by the games	Piotr Wozniak	https://supermemo.guru/wiki/Reward_diversity_in_preventing_addictions	Reward diversity in preventing addictions
Walk-talking is the best form of one-on-one face-to-face brainstorming I know	Piotr Wozniak	https://supermemo.guru/wiki/How_to_solve_any_problem%3F	How to solve any problem?
We keep optimizing schools instead of focusing on optimizing the conditions for kids to employ free learning	Piotr Wozniak	https://supermemo.guru/wiki/PISA_fuels_the_education_arms_race	PISA fuels the education arms race
We need to design an education system in which kids do not need to battle for the right to develop	Piotr Wozniak	https://supermemo.guru/wiki/I_would_never_send_my_kids_to_school	I would never send my kids to school
Weakly active neurons are likely to seek new dendritic experience. Strongly active neurons are likely to share their axonal wisdom with other neurons	Piotr Wozniak	https://supermemo.guru/wiki/Concept_network	Concept network
Well-managed incremental reading is a source of sustainable high reward	Piotr Wozniak	https://supermemo.guru/wiki/Reward_diversity_in_preventing_addictions	Reward diversity in preventing addictions
Well-managed spaced repetition is a form of enjoyable variable reward	Piotr Wozniak	https://supermemo.guru/wiki/Reward_diversity_in_preventing_addictions	Reward diversity in preventing addictions
What makes a great educator is love for children as opposed to the infatuation with what they might become	Piotr Wozniak	https://supermemo.guru/wiki/I_would_never_send_my_kids_to_school	I would never send my kids to school
When SuperMemo starts working, the news is not so happy: the brain is past its most explosive growth phase	Piotr Wozniak	https://supermemo.guru/wiki/SuperMemo_does_not_work_for_kids	SuperMemo does not work for kids
When employing models in practice, we can factor in their probabilistic validity by computing the expected cost of being wrong	Piotr Wozniak	https://supermemo.guru/wiki/Ban_on_homeschooling	Ban on homeschooling
When kids are deprived of freedom to make decisions in their most formative years, they can be left scarred for life	Piotr Wozniak	https://supermemo.guru/wiki/Genius_checklist	Genius checklist
When there is no pleasure, there is no good learning.	Piotr Wozniak	https://supermemo.guru/index.php?title=Pleasure_of_learning&oldid=17070	Pleasure of learning
When you get stuck in problem solving, you can employ disruption in the form of learning. If it does not help, you can leave the protected mental mode and communicate with others or engage in brainstorming	Piotr Wozniak	https://supermemo.guru/wiki/How_to_solve_any_problem%3F	How to solve any problem?
While freedom has a fantastic impact on creativity and problem solving, it may negatively affect domain-specific test scores	Piotr Wozniak	https://supermemo.guru/wiki/PISA_fuels_the_education_arms_race	PISA fuels the education arms race
With incremental reading you can crank up the speed of reading towards virtual infinity, while still aiming at maximum comprehension	Piotr Wozniak	https://supermemo.guru/wiki/How_can_I_read_faster%3F	How can I read faster?
With some help from simple science, schools can be replaced with a bit of free learning and a lot of free time. The system of bondage can be replaced with a formula for happy learning	Piotr Wozniak	https://supermemo.guru/wiki/Schools_must_reform_or_die	Schools must reform or die
With well formulated knowledge and with smart review we can break free from the depressing power of forgetting that was hinted by Ebbinghaus's research	Piotr Wozniak	https://supermemo.guru/wiki/Error_of_Ebbinghaus_forgetting_curve	Error of Ebbinghaus forgetting curve
Without coercion, learning would be a pleasure, bad schools and bad teachers would disappear overnight, kids would be healthier and smile more, literacy would thrive, we would all gain on brain health and intelligence, societies would be more productive, and the world would be a happier place	Piotr Wozniak	https://supermemo.guru/wiki/Compulsory_schooling_must_end	Compulsory schooling must end
Without good support from neuroscience, even the brightest mind can stand in opposition to the truth. For details see: Problem of schooling	Piotr Wozniak	https://supermemo.guru/wiki/Abandon_early_math_instruction!	Abandon early math instruction!
Without knowledge valuations, human existence become a joyless set of habits	Piotr Wozniak	https://supermemo.guru/index.php?title=Pleasure_of_learning&oldid=17070	Pleasure of learning
Wrong models can serve as inspiration, even if they never lead to a paradigm shift	Piotr Wozniak	https://supermemo.guru/wiki/Ban_on_homeschooling	Ban on homeschooling
